City_ID,City,Country,Date,Lat,Lng,Max Temp,Humidity,Cloudiness,Wind Speed
0,Cape Town,ZA,2022-02-05 22:51:37,-33.9258,18.4232,72.1,64,0,1.01
1,Saint-Philippe,RE,2022-02-05 22:52:44,-21.3585,55.7679,80.19,83,100,17.74
2,Mahebourg,MU,2022-02-05 22:52:41,-20.4081,57.7,79.25,89,40,11.5
3,Kieta,PG,2022-02-05 22:54:49,-6.2167,155.6333,85.15,70,77,8.25
4,Richards Bay,ZA,2022-02-05 22:51:59,-28.783,32.0377,71.31,88,98,7.23
5,Mazyr,BY,2022-02-05 22:54:50,52.0495,29.2456,32.04,89,100,13.71
6,Kavieng,PG,2022-02-05 22:46:20,-2.5744,150.7967,82.98,73,63,5.03
7,New Norfolk,AU,2022-02-05 22:51:38,-42.7826,147.0587,64.71,56,91,2.39
8,Mpika,ZM,2022-02-05 22:54:51,-11.8343,31.4529,61.11,96,98,5.68
9,Castro,BR,2022-02-05 22:54:28,-24.7911,-50.0119,65.62,97,74,7.09
10,Mount Gambier,AU,2022-02-05 22:46:44,-37.8333,140.7667,66.11,63,75,10.36
11,Kodiak,US,2022-02-05 22:51:45,57.79,-152.4072,38.71,87,100,11.5
12,Prince Rupert,CA,2022-02-05 22:47:55,54.3161,-130.3201,46.49,61,0,17.27
13,Byron Bay,AU,2022-02-05 22:54:53,-28.65,153.6167,74.05,62,96,19.24
14,Atuona,PF,2022-02-05 22:54:06,-9.8,-139.0333,78.8,78,10,22.5
15,Punta Arenas,CL,2022-02-05 22:50:27,-53.15,-70.9167,60.91,59,75,21.85
16,Hilo,US,2022-02-05 22:50:17,19.7297,-155.09,76.24,81,100,5.75
17,Chokurdakh,RU,2022-02-05 22:51:45,70.6333,147.9167,-31.74,100,100,1.72
18,Rikitea,PF,2022-02-05 22:50:20,-23.1203,-134.9692,79.2,73,97,10.67
19,Grindavik,IS,2022-02-05 22:45:38,63.8424,-22.4338,27.07,74,75,2.3
20,Hithadhoo,MV,2022-02-05 22:50:21,-0.6,73.0833,81.77,74,72,10.69
21,East London,ZA,2022-02-05 22:50:49,-33.0153,27.9116,69.67,86,100,16.31
22,Avarua,CK,2022-02-05 22:51:43,-21.2078,-159.775,80.65,89,40,17.27
23,Torbay,CA,2022-02-05 22:54:55,47.6666,-52.7314,49.57,94,100,29.93
24,Hasaki,JP,2022-02-05 22:51:39,35.7333,140.8333,27.0,41,21,11.97
25,Swellendam,ZA,2022-02-05 22:54:55,-34.0226,20.4417,66.58,78,3,4.47
26,Talnakh,RU,2022-02-05 22:52:43,69.4865,88.3972,-19.05,100,99,2.37
27,Maraa,BR,2022-02-05 22:52:43,-1.8333,-65.3667,74.01,95,100,1.5
28,Port Alfred,ZA,2022-02-05 22:51:29,-33.5906,26.891,70.36,86,87,26.35
29,Poltavka,RU,2022-02-05 22:54:56,54.3663,71.7632,4.5,81,100,8.14
30,Port-Gentil,GA,2022-02-05 22:54:56,-0.7193,8.7815,80.56,83,40,4.61
31,Beloha,MG,2022-02-05 22:53:55,-25.1667,45.05,75.09,85,100,19.1
32,Sovetskaya,RU,2022-02-05 22:54:57,44.7769,41.1722,20.37,88,25,6.02
33,Kodinsk,RU,2022-02-05 22:54:57,58.6881,99.1844,16.07,92,100,9.71
34,Yellowknife,CA,2022-02-05 22:51:14,62.456,-114.3525,-10.59,87,20,5.75
35,Leshukonskoye,RU,2022-02-05 22:54:57,64.8989,45.7622,4.01,93,98,8.16
36,Busselton,AU,2022-02-05 22:51:30,-33.65,115.3333,67.05,83,14,6.53
37,Ushuaia,AR,2022-02-05 22:50:57,-54.8,-68.3,56.82,58,40,24.16
38,Cabo San Lucas,MX,2022-02-05 22:54:58,22.8909,-109.9124,74.61,62,16,3.0
39,Jamestown,US,2022-02-05 22:49:06,42.097,-79.2353,22.32,53,20,4.61
40,Gamba,GA,2022-02-05 22:54:18,-2.65,10.0,76.41,87,41,5.93
41,Hobart,AU,2022-02-05 22:50:58,-42.8794,147.3294,65.05,64,75,1.99
42,Nanyamba,TZ,2022-02-05 22:54:59,-10.6833,39.8333,71.22,85,100,4.09
43,Casambalangan,PH,2022-02-05 22:55:00,18.3765,122.1274,72.84,85,99,13.35
44,Churapcha,RU,2022-02-05 22:55:00,62.0025,132.4325,-35.36,100,100,0.58
45,Nhulunbuy,AU,2022-02-05 22:48:01,-12.2333,136.7667,81.21,83,81,3.44
46,Luwuk,ID,2022-02-05 22:55:00,-0.9516,122.7875,78.76,82,100,2.04
47,Lososina,RU,2022-02-05 22:55:01,48.9975,140.3106,9.01,69,100,11.01
48,Hobyo,SO,2022-02-05 22:55:01,5.3505,48.5268,75.33,72,3,10.58
49,Snasa,NO,2022-02-05 22:55:02,64.2457,12.3778,21.25,82,82,5.59
50,Linhares,BR,2022-02-05 22:46:09,-19.3911,-40.0722,74.79,87,81,5.5
51,Petropavlovsk-Kamchatskiy,RU,2022-02-05 22:55:03,53.0452,158.6483,21.79,54,75,11.18
52,Kaitangata,NZ,2022-02-05 22:50:53,-46.2817,169.8464,54.93,61,96,7.58
53,Bereda,ES,2022-02-05 22:55:04,43.2686,-7.5406,41.92,98,7,2.89
54,Chuy,UY,2022-02-05 22:51:09,-33.6971,-53.4616,67.35,89,53,10.71
55,Mataura,NZ,2022-02-05 22:51:37,-46.1927,168.8643,54.48,66,98,4.07
56,Aykhal,RU,2022-02-05 22:47:49,66.0,111.5,-12.19,100,94,3.94
57,Ulaangom,MN,2022-02-05 22:55:05,49.9811,92.0667,-25.2,92,96,2.62
58,Suntar,RU,2022-02-05 22:46:18,62.1444,117.6319,-5.55,99,97,4.03
59,Shubarshi,KZ,2022-02-05 22:55:05,48.5872,57.1869,23.76,98,100,1.7
60,Carnarvon,AU,2022-02-05 22:55:06,-24.8667,113.6333,77.07,88,75,9.22
61,Butaritari,KI,2022-02-05 22:51:13,3.0707,172.7902,82.74,73,43,18.77
62,Albany,US,2022-02-05 22:52:03,42.6001,-73.9662,15.67,56,4,1.01
63,Souillac,MU,2022-02-05 22:45:59,-20.5167,57.5167,79.36,89,40,11.5
64,Bubaque,GW,2022-02-05 22:55:09,11.2833,-15.8333,78.03,72,1,14.61
65,Meulaboh,ID,2022-02-05 22:55:09,4.1363,96.1285,75.72,83,100,2.57
66,Arkhangelskoye,RU,2022-02-05 22:55:09,55.8549,35.3287,16.14,95,100,8.52
67,Road Town,VG,2022-02-05 22:50:34,18.4167,-64.6167,73.49,100,40,13.8
68,Beinamar,TD,2022-02-05 22:55:10,8.6698,15.3813,71.46,18,55,4.94
69,Babu,CN,2022-02-05 22:55:10,24.4167,111.5167,46.35,85,99,2.84
70,Beatrice,US,2022-02-05 22:55:10,40.2681,-96.747,55.45,22,0,17.27
71,Luderitz,NA,2022-02-05 22:54:03,-26.6481,15.1594,66.96,81,91,9.22
72,Lebu,CL,2022-02-05 22:53:01,-37.6167,-73.65,60.76,78,10,20.56
73,Tonk,IN,2022-02-05 22:55:12,26.1667,75.7833,52.14,50,0,7.34
74,Sao Jose Da Coroa Grande,BR,2022-02-05 22:55:05,-8.8978,-35.1478,78.85,71,69,10.16
75,Qaanaaq,GL,2022-02-05 22:54:02,77.484,-69.3632,0.25,97,100,3.87
76,Yantal,RU,2022-02-05 22:55:13,56.8471,105.2542,21.52,94,100,9.93
77,Evensk,RU,2022-02-05 22:47:02,61.95,159.2333,16.63,44,11,23.17
78,Mar Del Plata,AR,2022-02-05 22:53:20,-38.0023,-57.5575,64.09,80,100,1.99
79,Bluff,NZ,2022-02-05 22:51:01,-46.6,168.3333,54.81,63,62,11.5
80,Gatesville,US,2022-02-05 22:55:14,31.4352,-97.7439,52.09,25,0,5.75
81,High Rock,BS,2022-02-05 22:55:14,26.6208,-78.2833,75.22,81,11,14.76
82,Suluq,LY,2022-02-05 22:55:14,31.6682,20.2521,54.75,70,20,7.9
83,Codrington,AU,2022-02-05 22:55:15,-38.2667,141.9667,68.74,53,61,11.63
84,Khani,GE,2022-02-05 22:55:15,41.9563,42.9566,24.37,95,100,4.18
85,Cabra,ES,2022-02-05 22:47:27,37.4725,-4.4421,54.39,73,26,3.58
86,Mafinga,TZ,2022-02-05 22:55:15,-7.25,35.0667,64.56,93,100,1.66
87,Port Lincoln,AU,2022-02-05 22:55:16,-34.7333,135.8667,74.55,56,98,16.93
88,Andenes,NO,2022-02-05 22:55:16,69.3143,16.1194,37.38,81,100,36.82
89,Provideniya,RU,2022-02-05 22:51:33,64.3833,-173.3,-3.26,85,2,10.0
90,Dongsheng,CN,2022-02-05 22:55:17,39.8161,109.9776,11.71,49,78,4.74
91,Agadez,NE,2022-02-05 22:55:17,19.75,10.25,53.92,27,0,2.86
92,Cherskiy,RU,2022-02-05 22:50:57,68.75,161.3,-32.44,97,19,1.23
93,Saint-Pierre,RE,2022-02-05 22:51:30,-21.3393,55.4781,80.28,69,0,6.91
94,Birmitrapur,IN,2022-02-05 22:55:17,22.4,84.7667,52.77,51,48,3.91
95,La Union,PE,2022-02-05 22:55:18,-5.4,-80.75,81.01,49,6,19.64
96,Highland Springs,US,2022-02-05 22:55:18,37.546,-77.3278,35.78,45,0,1.99
97,Tay Ninh,VN,2022-02-05 22:55:18,11.3,106.1,72.66,66,100,5.59
98,Thompson,CA,2022-02-05 22:50:28,55.7435,-97.8558,-9.24,59,75,3.44
99,Kysyl-Syr,RU,2022-02-05 22:55:19,63.8986,122.7617,-24.74,100,98,2.37
100,Stornoway,GB,2022-02-05 22:55:19,58.2093,-6.3865,33.93,92,40,3.0
101,Port Elizabeth,ZA,2022-02-05 22:52:56,-33.918,25.5701,69.1,94,40,16.11
102,Punta Alta,AR,2022-02-05 22:55:20,-38.8759,-62.0736,62.46,61,100,16.91
103,Walvis Bay,NA,2022-02-05 22:55:20,-22.9575,14.5053,68.95,83,66,6.91
104,Eresos,GR,2022-02-05 22:55:20,39.1667,25.9333,50.9,68,95,3.96
105,Omboue,GA,2022-02-05 22:53:04,-1.5746,9.2618,77.0,87,44,7.0
106,Lagoa,PT,2022-02-05 22:53:10,39.05,-27.9833,58.91,75,15,17.13
107,Vilyuysk,RU,2022-02-05 22:55:21,63.7553,121.6247,-22.52,100,96,2.62
108,Christchurch,NZ,2022-02-05 22:55:07,-43.5333,172.6333,57.99,77,75,8.05
109,Ugoofaaru,MV,2022-02-05 22:55:21,5.6667,73.0,80.65,66,38,7.36
110,Magistralnyy,RU,2022-02-05 22:55:22,56.1725,107.4458,15.73,95,100,7.31
111,Sao Filipe,CV,2022-02-05 22:55:22,14.8961,-24.4956,72.91,73,0,11.59
112,Camana,PE,2022-02-05 22:55:22,-16.6228,-72.7111,71.94,76,16,5.17
113,Tuktoyaktuk,CA,2022-02-05 22:55:23,69.4541,-133.0374,-32.8,75,20,11.5
114,Tayabo,PH,2022-02-05 22:55:23,15.8342,121.0308,72.32,77,99,7.85
115,Yenagoa,NG,2022-02-05 22:46:23,4.9247,6.2642,78.4,82,1,4.54
116,Upernavik,GL,2022-02-05 22:51:40,72.7868,-56.1549,-3.28,99,100,4.12
117,Pisco,PE,2022-02-05 22:55:24,-13.7,-76.2167,72.01,83,0,8.05
118,Puerto Ayora,EC,2022-02-05 22:52:55,-0.7393,-90.3518,78.55,86,67,3.0
119,Mizdah,LY,2022-02-05 22:55:24,31.4451,12.9801,54.63,28,99,1.34
120,North Bend,US,2022-02-05 22:55:25,43.4065,-124.2243,60.24,80,0,9.22
121,Gambo,CF,2022-02-05 22:55:25,4.6482,22.2633,71.76,28,68,3.78
122,Kuusamo,FI,2022-02-05 22:55:25,65.9667,29.1833,17.64,86,100,11.5
123,Hermanus,ZA,2022-02-05 22:51:36,-34.4187,19.2345,68.81,84,23,13.82
124,Mayo,US,2022-02-05 22:55:26,38.8876,-76.5119,32.04,49,0,5.01
125,Erzin,TR,2022-02-05 22:55:26,36.9559,36.2,36.12,78,35,3.8
126,Darnah,LY,2022-02-05 22:47:18,32.767,22.6367,56.55,53,3,13.87
127,Coxim,BR,2022-02-05 22:55:27,-18.5067,-54.76,77.29,88,89,2.93
128,Geraldton,AU,2022-02-05 22:51:26,-28.7667,114.6,73.81,88,100,10.36
129,Vestmanna,FO,2022-02-05 22:46:39,62.1564,-7.1664,31.12,86,100,14.97
130,Clonakilty,IE,2022-02-05 22:55:29,51.6231,-8.8706,49.21,90,100,32.99
131,Burgeo,CA,2022-02-05 22:55:29,47.6167,-57.6152,26.22,89,100,11.9
132,Kavaratti,IN,2022-02-05 22:55:29,10.5669,72.642,77.97,63,14,8.34
133,Nakhon Phanom,TH,2022-02-05 22:55:30,17.3333,104.4167,58.98,73,96,3.04
134,Ambon,ID,2022-02-05 22:51:55,-3.6954,128.1814,77.14,94,40,4.61
135,Lages,BR,2022-02-05 22:55:30,-27.8161,-50.3261,64.53,99,100,1.59
136,Vaini,TO,2022-02-05 22:52:50,-21.2,-175.2,77.16,100,100,12.66
137,Kulu,TR,2022-02-05 22:55:31,39.0951,33.0799,19.83,92,16,1.3
138,Tuatapere,NZ,2022-02-05 22:53:36,-46.1333,167.6833,54.82,73,99,4.88
139,Xingcheng,CN,2022-02-05 22:55:31,40.6167,120.7167,8.01,80,0,6.02
140,Anadyr,RU,2022-02-05 22:52:13,64.75,177.4833,-5.3,71,0,4.47
141,Lufilufi,WS,2022-02-05 22:47:43,-13.8745,-171.5986,87.58,77,89,15.14
142,Berezovyy,RU,2022-02-05 22:55:32,51.6667,135.7,2.97,98,100,1.45
143,Zhigansk,RU,2022-02-05 22:46:31,66.7697,123.3711,-26.84,99,100,5.73
144,Indian Head,US,2022-02-05 22:55:32,38.6001,-77.1622,32.49,43,0,11.01
145,Coquimbo,CL,2022-02-05 22:52:49,-29.9533,-71.3436,65.93,77,75,11.5
146,Soure,BR,2022-02-05 22:55:33,-0.7167,-48.5233,78.03,86,100,10.11
147,Fushun,CN,2022-02-05 22:52:43,41.8558,123.9233,6.51,81,13,2.66
148,Nipawin,CA,2022-02-05 22:55:33,53.3668,-104.0009,-2.16,78,100,9.22
149,Tasiilaq,GL,2022-02-05 22:51:42,65.6145,-37.6368,7.93,59,97,9.66
150,Abu Samrah,SY,2022-02-05 22:54:38,35.3029,37.1841,42.76,83,17,5.97
151,Basco,PH,2022-02-05 22:55:34,20.4487,121.9702,72.46,74,62,30.04
152,Palmer,US,2022-02-05 22:54:09,42.1584,-72.3287,20.75,58,20,3.0
153,Vila Velha,BR,2022-02-05 22:54:35,-20.3297,-40.2925,78.75,87,75,11.01
154,Corozal,CO,2022-02-05 22:55:35,9.3151,-75.2928,80.22,66,34,12.91
155,Zyryanka,RU,2022-02-05 22:47:35,65.75,150.85,-40.59,100,52,2.62
156,La Salle,US,2022-02-05 22:55:35,41.3334,-89.0918,18.77,63,0,19.57
157,Kapaa,US,2022-02-05 22:51:36,22.0752,-159.319,80.19,66,0,1.99
158,Nikolskoye,RU,2022-02-05 22:52:58,59.7035,30.7861,27.88,95,100,7.54
159,Ilulissat,GL,2022-02-05 22:54:04,69.2167,-51.1,-1.12,76,100,8.01
160,Touros,BR,2022-02-05 22:45:45,-5.1989,-35.4608,81.5,70,9,13.33
161,Bandarbeyla,SO,2022-02-05 22:46:24,9.4942,50.8122,74.01,73,74,9.71
162,Saskylakh,RU,2022-02-05 22:51:46,71.9167,114.0833,-28.28,100,99,3.49
163,Launceston,AU,2022-02-05 22:50:45,-41.45,147.1667,66.15,63,10,3.0
164,Dikson,RU,2022-02-05 22:51:44,73.5069,80.5464,-19.43,100,99,3.27
165,Woodway,US,2022-02-05 22:55:38,31.506,-97.205,52.74,33,0,8.05
166,Baykit,RU,2022-02-05 22:55:38,61.67,96.37,12.88,91,97,7.92
167,Ancud,CL,2022-02-05 22:51:21,-41.8697,-73.8203,66.22,70,20,3.09
168,Celestun,MX,2022-02-05 22:55:38,20.8667,-90.4,72.23,79,87,20.36
169,Constitucion,CL,2022-02-05 22:44:41,-35.3333,-72.4167,65.66,65,1,14.07
170,Rodniki,RU,2022-02-05 22:55:39,57.1051,41.7305,-1.53,100,99,3.31
171,Tiarei,PF,2022-02-05 22:55:39,-17.5333,-149.3333,86.02,75,9,19.77
172,New Plymouth,NZ,2022-02-05 22:55:39,-39.0667,174.0833,69.57,97,100,3.0
173,Half Moon Bay,US,2022-02-05 22:55:40,37.4636,-122.4286,66.9,53,0,10.36
174,Mount Vernon,US,2022-02-05 22:55:40,40.9126,-73.8371,25.9,64,25,5.01
175,Barrow,US,2022-02-05 22:52:49,71.2906,-156.7887,-18.38,69,0,12.66
176,Los Llanos De Aridane,ES,2022-02-05 22:52:41,28.6585,-17.9182,63.12,42,0,8.01
177,Aswan,EG,2022-02-05 22:52:11,24.0934,32.907,51.1,53,0,6.91
178,San Vicente,AR,2022-02-05 22:55:41,-26.6167,-54.1333,67.69,93,97,1.07
179,Lorengau,PG,2022-02-05 22:55:41,-2.0226,147.2712,83.48,71,85,7.14
180,Abadzekhskaya,RU,2022-02-05 22:55:42,44.3939,40.2214,22.19,72,38,4.74
181,Kokopo,PG,2022-02-05 22:55:42,-4.352,152.2633,82.51,64,90,4.52
182,Sai Buri,TH,2022-02-05 22:55:42,6.7013,101.6168,76.26,84,82,10.07
183,Chumikan,RU,2022-02-05 22:53:12,54.7183,135.315,-2.33,79,100,12.93
184,Antofagasta,CL,2022-02-05 22:55:43,-23.65,-70.4,69.08,77,7,6.24
185,Georgetown,MY,2022-02-05 22:53:01,5.4112,100.3354,79.9,90,20,1.99
186,Kahului,US,2022-02-05 22:51:39,20.8947,-156.47,82.42,67,40,11.5
187,Kizema,RU,2022-02-05 22:55:43,61.113,44.8302,2.55,98,72,4.29
188,Longyearbyen,SJ,2022-02-05 22:53:48,78.2186,15.6401,10.24,61,20,20.71
189,Zhicheng,CN,2022-02-05 22:55:44,30.2956,111.5047,38.62,72,100,6.04
190,Inhambane,MZ,2022-02-05 22:55:44,-23.865,35.3833,77.76,74,8,16.06
191,Hofn,IS,2022-02-05 22:55:45,64.2539,-15.2082,28.2,64,71,13.51
192,Hami,CN,2022-02-05 22:55:45,42.8,93.45,25.81,29,100,6.62
193,Marawi,PH,2022-02-05 22:55:45,7.9986,124.2928,65.64,86,13,1.81
194,Umba,RU,2022-02-05 22:55:46,66.6871,34.3429,18.95,94,100,16.33
195,Seymchan,RU,2022-02-05 22:55:48,62.8833,152.4333,-41.93,99,74,0.92
196,Hermiston,US,2022-02-05 22:52:12,45.8404,-119.2895,57.11,50,0,8.05
197,Toyooka,JP,2022-02-05 22:55:48,35.5333,134.8333,32.11,80,100,12.03
198,Srandakan,ID,2022-02-05 22:55:49,-7.9386,110.2506,63.73,86,65,2.8
199,Kawalu,ID,2022-02-05 22:55:49,-7.3817,108.2082,72.5,95,95,2.55
200,Saint George,US,2022-02-05 22:52:42,37.1041,-113.5841,61.27,17,0,1.01
201,Ranong,TH,2022-02-05 22:55:49,9.9658,98.6348,75.9,87,65,4.54
202,Praxedis Guerrero,MX,2022-02-05 22:55:50,31.3667,-106.0167,47.55,23,0,3.71
203,Abalak,RU,2022-02-05 22:55:50,58.1286,68.5944,11.03,94,100,4.03
204,Kokkola,FI,2022-02-05 22:55:50,63.8385,23.1307,30.36,86,100,9.22
205,Naryan-Mar,RU,2022-02-05 22:55:51,67.6713,53.087,0.63,94,97,12.1
206,Nouadhibou,MR,2022-02-05 22:55:51,20.931,-17.0347,66.18,94,0,14.97
207,Norman Wells,CA,2022-02-05 22:54:09,65.282,-126.8329,-3.66,91,98,6.67
208,Bonavista,CA,2022-02-05 22:47:52,48.6499,-53.1147,43.12,99,100,7.36
209,Erenhot,CN,2022-02-05 22:55:52,43.6475,111.9767,2.34,89,5,7.45
210,Sotouboua,TG,2022-02-05 22:55:52,8.5667,0.9833,76.86,21,0,2.28
211,The Valley,AI,2022-02-05 22:47:17,18.217,-63.0578,76.1,100,75,12.66
212,Kashiwazaki,JP,2022-02-05 22:55:53,37.3667,138.55,27.88,72,100,17.58
213,Kalevala,RU,2022-02-05 22:55:54,65.2,31.1667,19.69,95,100,10.0
214,Bilibino,RU,2022-02-05 22:53:29,68.0546,166.4372,-15.36,89,12,4.72
215,Okhotsk,RU,2022-02-05 22:46:02,59.3833,143.3,-5.46,70,37,13.47
216,Panjab,AF,2022-02-05 22:55:55,34.388,67.0233,22.05,96,99,6.64
217,Champoton,MX,2022-02-05 22:55:55,19.35,-90.7167,73.58,79,90,16.33
218,Oussouye,SN,2022-02-05 22:47:24,12.485,-16.5469,77.18,64,1,6.4
219,Khatanga,RU,2022-02-05 22:55:11,71.9667,102.5,-21.73,97,99,3.53
220,Bengkulu,ID,2022-02-05 22:54:12,-3.8004,102.2655,72.77,96,100,7.83
221,Flin Flon,CA,2022-02-05 22:55:56,54.7682,-101.865,-2.36,60,75,6.91
222,Tura,IN,2022-02-05 22:55:56,25.5198,90.2201,47.95,92,0,2.55
223,Belmonte,BR,2022-02-05 22:53:57,-15.8631,-38.8828,73.9,85,81,7.36
224,Fairbanks,US,2022-02-05 22:51:31,64.8378,-147.7164,14.81,78,100,0.0
225,Bambous Virieux,MU,2022-02-05 22:55:57,-20.3428,57.7575,79.21,89,40,11.5
226,Saiha,IN,2022-02-05 22:55:57,22.4833,92.9667,50.67,98,64,1.41
227,Clyde River,CA,2022-02-05 22:46:38,70.4692,-68.5914,-28.97,68,75,5.75
228,Strelka,RU,2022-02-05 22:55:58,58.0728,93.0344,18.57,94,100,7.2
229,Turbat,PK,2022-02-05 22:55:58,26.0023,63.044,64.49,79,0,2.13
230,Leningradskiy,RU,2022-02-05 22:45:58,69.3833,178.4167,-21.35,96,9,3.6
231,Colquechaca,BO,2022-02-05 22:55:58,-18.6667,-66.0167,35.85,83,97,6.87
232,Ust-Maya,RU,2022-02-05 22:55:59,60.4167,134.5333,-31.22,100,100,1.77
233,Bida,NG,2022-02-05 22:55:59,9.0833,6.0167,78.8,17,0,6.58
234,Tevaitoa,PF,2022-02-05 22:46:45,-16.7833,-151.5,81.34,73,6,19.8
235,Bredasdorp,ZA,2022-02-05 22:51:40,-34.5322,20.0403,68.29,77,83,21.85
236,Jodar,ES,2022-02-05 22:56:00,37.8406,-3.3526,53.2,74,62,3.42
237,Katherine,AU,2022-02-05 22:56:00,-14.4667,132.2667,77.32,88,94,4.61
238,Jijiga,ET,2022-02-05 22:48:09,9.35,42.8,60.85,24,18,9.31
239,Port Hedland,AU,2022-02-05 22:46:12,-20.3167,118.5667,84.25,84,74,8.05
240,Mahendragarh,IN,2022-02-05 22:55:06,28.2833,76.15,47.19,81,3,2.82
241,Te Anau,NZ,2022-02-05 22:46:34,-45.4167,167.7167,59.52,49,13,4.43
242,General Roca,AR,2022-02-05 22:56:01,-39.0333,-67.5833,77.4,27,0,9.69
243,Huarmey,PE,2022-02-05 22:51:49,-10.0681,-78.1522,73.76,76,12,10.69
244,Muli,MV,2022-02-05 22:56:02,2.9167,73.5667,81.86,65,63,8.14
245,Saldanha,ZA,2022-02-05 22:56:02,-33.0117,17.9442,73.45,72,34,4.14
246,Havoysund,NO,2022-02-05 22:52:54,70.9963,24.6622,29.28,72,46,32.91
247,San Quintin,MX,2022-02-05 22:56:03,30.4833,-115.95,62.28,31,0,7.7
248,Sur,OM,2022-02-05 22:52:47,22.5667,59.5289,70.79,52,0,5.99
249,Jizan,SA,2022-02-05 22:56:03,17.3333,42.6667,77.94,59,0,5.03
250,Hohhot,CN,2022-02-05 22:56:04,40.8106,111.6522,-0.11,71,0,8.95
251,Labuan,MY,2022-02-05 22:56:04,5.2767,115.2417,80.96,83,20,1.99
252,Nalut,LY,2022-02-05 22:56:04,30.3333,10.85,55.72,21,100,10.76
253,Nagaur,IN,2022-02-05 22:56:05,27.2,73.7333,56.48,40,0,9.8
254,Shimanovsk,RU,2022-02-05 22:56:05,52.0,127.7,-8.64,95,55,4.81
255,Verkhnevilyuysk,RU,2022-02-05 22:47:49,63.4453,120.3167,-24.52,100,72,2.3
256,Raipur,IN,2022-02-05 22:56:05,21.2333,81.6333,56.61,29,23,3.56
257,Netphen,DE,2022-02-05 22:56:06,50.9167,8.1,42.66,75,99,1.99
258,Havelock,US,2022-02-05 22:52:56,34.8791,-76.9013,44.6,59,20,7.0
259,Aklavik,CA,2022-02-05 22:48:08,68.2191,-135.0107,-35.57,66,40,0.0
260,Sitka,US,2022-02-05 22:51:31,57.0531,-135.33,42.69,75,100,20.71
261,Narsaq,GL,2022-02-05 22:52:52,60.9167,-46.05,-6.97,71,50,5.82
262,Aviles,ES,2022-02-05 22:56:07,43.5547,-5.9248,45.93,80,0,1.99
263,Andra,RU,2022-02-05 22:47:06,62.5147,65.8878,4.28,96,89,4.59
264,Krasnoselkup,RU,2022-02-05 22:56:07,65.7,82.4667,-16.56,100,93,5.12
265,Dingle,PH,2022-02-05 22:52:13,10.9995,122.6711,74.95,85,91,10.89
266,College,US,2022-02-05 22:52:57,64.8569,-147.8028,14.79,78,75,3.44
267,Muros,ES,2022-02-05 22:56:08,42.7762,-9.0603,50.23,74,1,10.89
268,Rawson,AR,2022-02-05 22:48:16,-43.3002,-65.1023,61.56,46,0,10.6
269,Bonthe,SL,2022-02-05 22:56:08,7.5264,-12.505,76.77,85,35,5.73
270,Praya,CV,2022-02-05 22:52:02,14.9215,-23.5087,72.14,68,0,13.8
271,Teguise,ES,2022-02-05 22:47:28,29.0605,-13.564,62.82,63,0,13.8
272,Koulamoutou,GA,2022-02-05 22:56:09,-1.1303,12.4736,72.66,81,4,2.35
273,Biak,ID,2022-02-05 22:56:09,-0.9131,122.8766,77.2,81,100,1.41
274,Ballina,AU,2022-02-05 22:46:35,-28.8667,153.5667,69.98,86,75,14.97
275,Vila Franca Do Campo,PT,2022-02-05 22:54:05,37.7167,-25.4333,59.2,82,91,12.33
276,Porto Murtinho,BR,2022-02-05 22:56:10,-21.6989,-57.8825,74.39,98,95,4.92
277,Victoria,HK,2022-02-05 22:54:50,22.2855,114.1577,59.32,83,99,1.01
278,Shimoda,JP,2022-02-05 22:56:10,34.6667,138.95,37.11,59,4,25.05
279,Gijon,ES,2022-02-05 22:54:33,43.5357,-5.6615,46.0,86,2,4.0
280,Palmas,BR,2022-02-05 22:56:11,-10.2128,-48.3603,82.27,78,40,4.61
281,Arraial Do Cabo,BR,2022-02-05 22:52:32,-22.9661,-42.0278,80.46,78,0,12.66
282,Goure,NE,2022-02-05 22:56:11,13.9835,10.2704,59.22,16,0,9.57
283,Gornopravdinsk,RU,2022-02-05 22:56:12,60.05,69.9,16.48,98,100,2.66
284,Lubango,AO,2022-02-05 22:55:20,-14.9172,13.4925,59.54,53,91,1.1
285,Cidreira,BR,2022-02-05 22:52:30,-30.1811,-50.2056,74.34,90,100,2.84
286,Santa Marta,CO,2022-02-05 22:56:12,11.2408,-74.199,89.35,60,20,20.0
287,Vestmannaeyjar,IS,2022-02-05 22:56:12,63.4427,-20.2734,28.83,72,91,12.95
288,Montalvo,EC,2022-02-05 22:56:13,-1.8,-79.3333,84.78,90,74,1.83
289,La Paz,BO,2022-02-05 22:54:09,-16.5,-68.15,57.18,62,75,9.22
290,Paris,FR,2022-02-05 22:56:13,48.8534,2.3488,47.17,80,100,5.99
291,Okhtyrka,UA,2022-02-05 22:56:14,50.3104,34.8988,27.07,97,100,11.65
292,Nemuro,JP,2022-02-05 22:53:17,43.3236,145.575,23.11,72,84,18.12
293,Yanam,IN,2022-02-05 22:47:12,16.7333,82.2167,68.58,79,20,4.29
294,Roma,US,2022-02-05 22:55:45,43.2128,-75.4557,10.44,93,19,3.33
295,Langsa,ID,2022-02-05 22:56:14,4.4683,97.9683,72.73,95,90,2.33
296,Mbandaka,CD,2022-02-05 22:56:15,0.0487,18.2603,75.25,40,77,1.9
297,Saint-Augustin,CA,2022-02-05 22:52:00,51.226,-58.6502,2.98,93,100,17.63
298,Ribeira Grande,PT,2022-02-05 22:51:39,38.5167,-28.7,60.21,75,25,10.76
299,Lata,PT,2022-02-05 22:52:37,40.1629,-8.3327,47.05,78,0,3.98
300,Ambositra,MG,2022-02-05 22:56:16,-20.5167,47.25,62.44,96,100,26.35
301,Chihuahua,MX,2022-02-05 22:56:16,28.5,-106.0,54.77,16,0,6.55
302,Luis Correia,BR,2022-02-05 22:56:16,-2.8792,-41.6669,82.4,83,40,12.66
303,Guerrero Negro,MX,2022-02-05 22:48:02,27.9769,-114.0611,68.92,25,0,11.03
304,Danane,CI,2022-02-05 22:56:17,7.2596,-8.155,74.21,34,7,2.24
305,Great Falls,US,2022-02-05 22:56:17,47.5002,-111.3008,43.25,45,100,8.99
306,Torrevieja,ES,2022-02-05 22:56:17,37.9787,-0.6822,57.81,80,100,7.0
307,Namalenga,TZ,2022-02-05 22:56:18,-10.95,39.1,70.54,91,100,2.57
308,Grand Gaube,MU,2022-02-05 22:55:07,-20.0064,57.6608,79.38,79,100,5.99
309,Queanbeyan,AU,2022-02-05 22:56:18,-35.35,149.2333,64.18,68,75,11.5
310,Katsuura,JP,2022-02-05 22:51:40,35.1333,140.3,37.42,47,6,14.72
311,Grand Island,US,2022-02-05 22:55:46,40.925,-98.342,56.37,24,43,6.91
312,Kevelaer,DE,2022-02-05 22:56:19,51.5833,6.25,47.34,83,100,11.01
313,Alofi,NU,2022-02-05 22:52:23,-19.0595,-169.9187,80.49,89,98,8.05
314,Port Moresby,PG,2022-02-05 22:56:19,-9.4431,147.1797,78.22,78,40,11.5
315,Namatanai,PG,2022-02-05 22:56:20,-3.6667,152.4333,84.45,66,70,10.2
316,Chicama,PE,2022-02-05 22:56:20,-7.8447,-79.1469,66.74,68,11,9.42
317,Bethel,US,2022-02-05 22:53:13,41.3712,-73.414,24.04,74,4,1.01
318,Xichang,CN,2022-02-05 22:56:20,27.8964,102.2634,41.95,92,99,0.51
319,Beringovskiy,RU,2022-02-05 22:52:39,63.05,179.3167,-9.09,92,60,13.87
320,Santa Vitoria Do Palmar,BR,2022-02-05 22:56:21,-33.5189,-53.3681,67.6,90,37,8.34
321,Dunedin,NZ,2022-02-05 22:53:02,-45.8742,170.5036,52.81,81,66,4.0
322,Jupiter,US,2022-02-05 22:56:21,26.9342,-80.0942,74.05,90,99,8.01
323,Nabire,ID,2022-02-05 22:46:37,-3.3667,135.4833,78.21,86,99,2.35
324,Camacha,PT,2022-02-05 22:47:42,33.0833,-16.3333,63.36,82,40,21.85
325,Mayna,RU,2022-02-05 22:56:22,54.1135,47.6231,16.74,97,100,4.23
326,Yumen,CN,2022-02-05 22:56:22,40.2833,97.2,15.28,39,100,12.8
327,Ewa Beach,US,2022-02-05 22:56:23,21.3156,-158.0072,82.02,61,2,8.99
328,Lima,PE,2022-02-05 22:53:57,-12.0432,-77.0282,72.39,82,0,5.75
329,Saratoga Springs,US,2022-02-05 22:56:23,43.0831,-73.7846,17.04,46,1,3.0
330,Hay River,CA,2022-02-05 22:56:24,60.8156,-115.7999,-5.84,70,75,3.44
331,Tibagi,BR,2022-02-05 22:56:24,-24.5094,-50.4136,69.49,98,95,1.12
332,Yerbogachen,RU,2022-02-05 22:47:42,61.2767,108.0108,10.53,97,100,3.6
333,Salinopolis,BR,2022-02-05 22:47:00,-0.6136,-47.3561,77.9,87,100,10.22
334,Port Hawkesbury,CA,2022-02-05 22:56:25,45.6169,-61.3485,25.18,91,100,16.11
335,Rincon,US,2022-02-05 22:56:25,32.296,-81.2354,54.05,57,1,6.4
336,Port Keats,AU,2022-02-05 22:56:26,-14.25,129.55,77.43,83,95,6.29
337,Bilma,NE,2022-02-05 22:56:26,18.6853,12.9164,59.72,20,0,6.17
338,Baruun-Urt,MN,2022-02-05 22:56:26,46.6806,113.2792,-3.15,90,8,5.77
339,Guerrero,MX,2022-02-05 22:47:36,17.6667,-100.0,73.24,49,78,2.64
340,Tiksi,RU,2022-02-05 22:51:36,71.6872,128.8694,-22.25,98,92,7.52
341,Rapid Valley,US,2022-02-05 22:47:08,44.0625,-103.1463,48.6,34,20,13.0
342,Fort Nelson,CA,2022-02-05 22:56:27,58.8053,-122.7002,27.28,95,97,2.98
343,Rio Gallegos,AR,2022-02-05 22:56:27,-51.6226,-69.2181,69.85,37,40,25.32
344,Jacareacanga,BR,2022-02-05 22:56:28,-6.2222,-57.7528,74.82,98,88,1.41
345,Siemiatycze,PL,2022-02-05 22:56:28,52.4272,22.8623,37.26,86,86,15.01
346,Monrovia,LR,2022-02-05 22:56:29,6.3005,-10.7969,78.57,85,11,6.15
347,Scarborough,GB,2022-02-05 22:53:50,54.2797,-0.4044,44.92,86,100,3.0
348,Nakatunguru,TZ,2022-02-05 22:56:29,-2.1167,33.0667,69.89,74,95,3.76
349,Boende,CD,2022-02-05 22:56:29,-0.2167,20.8667,73.06,69,59,1.9
350,Manavalakurichi,IN,2022-02-05 22:56:30,8.1333,77.3,78.89,84,80,9.62
351,Dobre Miasto,PL,2022-02-05 22:56:09,53.9867,20.3975,36.28,85,99,14.94
352,Sidi Ali,DZ,2022-02-05 22:56:30,36.0998,0.4206,52.16,76,83,3.4
353,Tecalitlan,MX,2022-02-05 22:56:30,19.4667,-103.3,78.98,21,22,7.7
354,Port Macquarie,AU,2022-02-05 22:52:07,-31.4333,152.9167,71.89,70,97,15.68
355,Glace Bay,CA,2022-02-05 22:56:31,46.1969,-59.957,27.79,89,75,17.27
356,Providencia,MX,2022-02-05 22:56:31,28.7167,-111.5833,79.21,20,0,9.69
357,Portland,US,2022-02-05 22:43:49,45.5234,-122.6762,53.94,75,75,1.99
358,Caravelas,BR,2022-02-05 22:52:05,-17.7125,-39.2481,77.79,79,100,8.28
359,Krems,AT,2022-02-05 22:56:32,48.4092,15.6142,38.97,78,88,8.05
360,Brae,GB,2022-02-05 22:51:54,60.3964,-1.353,35.51,58,100,37.56
361,Naron,ES,2022-02-05 22:56:32,43.5167,-8.1528,49.01,86,5,5.32
362,Atasu,KZ,2022-02-05 22:56:33,48.6814,71.6433,13.57,66,3,15.08
363,Sault Sainte Marie,CA,2022-02-05 22:52:43,46.5168,-84.3333,18.16,64,100,8.05
364,Mumford,GH,2022-02-05 22:56:33,5.2618,-0.759,80.11,85,8,7.65
365,Lat Yao,TH,2022-02-05 22:56:33,15.751,99.7893,74.52,61,94,2.55
366,San Cristobal,VE,2022-02-05 22:43:30,7.7669,-72.225,73.58,90,79,2.62
367,Rocha,UY,2022-02-05 22:53:26,-34.4833,-54.3333,65.21,79,28,8.7
368,Gizo,SB,2022-02-05 22:52:14,-8.103,156.8419,85.06,73,93,9.19
369,Poum,NC,2022-02-05 22:52:57,-20.2333,164.0167,80.4,76,97,3.71
370,Teya,RU,2022-02-05 22:55:24,60.3778,92.6267,11.39,93,100,5.5
371,Uyskoye,RU,2022-02-05 22:56:35,54.3775,60.0047,9.61,97,100,0.56
372,Chemin Grenier,MU,2022-02-05 22:56:35,-20.4872,57.4656,78.57,83,100,14.03
373,Orlik,RU,2022-02-05 22:56:35,52.5178,99.825,-0.87,88,98,3.4
374,Villa Carlos Paz,AR,2022-02-05 22:56:36,-31.4241,-64.4978,67.39,31,74,10.0
375,Tebingtinggi,ID,2022-02-05 22:56:36,3.3285,99.1625,75.25,95,99,2.37
376,Wanaka,NZ,2022-02-05 22:56:36,-44.7,169.15,57.11,59,17,5.01
377,Kholodnyy,RU,2022-02-05 22:56:37,62.7167,147.95,-23.8,76,14,3.58
378,Zhangye,CN,2022-02-05 22:56:37,38.9342,100.4517,18.46,66,100,1.16
379,Yicheng,CN,2022-02-05 22:56:37,31.3705,119.8703,33.4,50,76,5.73
380,Lodwar,KE,2022-02-05 22:56:38,3.1191,35.5973,85.05,27,100,1.19
381,Buluang,PH,2022-02-05 22:56:39,13.3068,123.3425,72.72,90,67,3.91
382,Treinta Y Tres,UY,2022-02-05 22:56:40,-33.2333,-54.3833,70.63,72,45,12.82
383,Marovoay,MG,2022-02-05 22:56:40,-16.1,46.6333,82.54,90,98,7.16
384,Playas,EC,2022-02-05 22:56:40,-2.6333,-80.3833,77.11,78,65,11.3
385,Nantucket,US,2022-02-05 22:55:44,41.2835,-70.0995,26.71,62,42,26.8
386,Thap Than,TH,2022-02-05 22:56:41,15.4606,99.8917,74.71,62,90,2.01
387,Killybegs,IE,2022-02-05 22:56:41,54.6333,-8.45,44.46,81,100,27.16
388,Nelson Bay,AU,2022-02-05 22:56:41,-32.7167,152.15,74.08,63,84,4.0
389,Constantine,DZ,2022-02-05 22:56:42,36.365,6.6147,47.61,71,75,5.75
390,Axim,GH,2022-02-05 22:56:43,4.8699,-2.2405,79.5,85,36,6.44
391,Martin,US,2022-02-05 22:56:43,27.0837,-80.4164,73.33,91,100,1.01
392,Altea,ES,2022-02-05 22:56:44,38.5989,-0.0514,57.18,82,100,6.13
393,Boulder City,US,2022-02-05 22:56:44,35.9786,-114.8325,64.42,12,0,5.75
394,Onokhoy,RU,2022-02-05 22:56:44,51.932,108.0747,-2.29,97,100,3.47
395,Burnie,AU,2022-02-05 22:56:45,-41.0667,145.9167,64.94,76,73,11.56
396,Cankuzo,BI,2022-02-05 22:56:45,-3.1333,30.5833,57.07,95,100,2.8
397,Collie,AU,2022-02-05 22:56:45,-33.3667,116.15,70.66,43,20,4.56
398,Severo-Kurilsk,RU,2022-02-05 22:51:49,50.6789,156.125,28.83,82,95,10.09
399,Iquitos,PE,2022-02-05 22:56:46,-3.7481,-73.2472,77.04,94,75,3.44
400,Zarand,IR,2022-02-05 22:56:47,30.8127,56.564,41.22,41,6,3.69
401,Cortona,IT,2022-02-05 22:56:47,43.2745,11.9871,44.24,90,8,3.18
402,Santa Cruz,BO,2022-02-05 22:53:02,-17.8,-63.1667,71.65,94,100,9.22
403,Iqaluit,CA,2022-02-05 22:53:05,63.7506,-68.5145,-27.67,68,75,2.3
404,Salalah,OM,2022-02-05 22:56:47,17.0151,54.0924,69.93,77,7,5.37
405,Urucara,BR,2022-02-05 22:56:48,-2.5364,-57.76,76.41,96,87,1.81
406,Olafsvik,IS,2022-02-05 22:52:14,64.8945,-23.7142,30.94,80,100,36.44
407,Hilpoltstein,DE,2022-02-05 22:56:49,49.19,11.1886,37.4,79,53,10.94
408,Pechenga,RU,2022-02-05 22:56:49,69.5259,31.1703,20.26,86,100,19.86
409,Morondava,MG,2022-02-05 22:56:49,-20.2833,44.2833,81.73,76,100,18.54
410,Naustdal,NO,2022-02-05 22:56:49,61.509,5.7168,40.86,89,100,9.82
411,Butembo,CD,2022-02-05 22:56:50,0.15,29.2833,59.83,73,100,2.06
412,Saint Anthony,US,2022-02-05 22:56:50,45.0205,-93.218,25.3,66,100,4.0
413,Weihe,CN,2022-02-05 22:56:50,32.9952,105.3247,29.3,96,100,3.06
414,Maragogi,BR,2022-02-05 22:52:49,-9.0122,-35.2225,79.02,68,74,9.98
415,Filimonovo,RU,2022-02-05 22:56:51,56.2011,95.4611,19.98,78,100,11.48
416,Laguna,US,2022-02-05 22:56:51,38.421,-121.4238,68.65,45,0,1.01
417,Arlit,NE,2022-02-05 22:55:08,18.7369,7.3853,61.12,16,0,4.56
418,Newtonmore,GB,2022-02-05 22:56:53,57.066,-4.1192,35.02,96,97,10.71
419,Moose Factory,CA,2022-02-05 22:56:53,51.2585,-80.6094,1.4,42,0,0.0
420,Nuevo Progreso,MX,2022-02-05 22:56:54,23.1667,-97.95,62.6,33,22,5.99
421,Nara,JP,2022-02-05 22:56:54,34.6851,135.8049,38.48,62,26,10.38
422,Lupiro,TZ,2022-02-05 22:56:54,-8.3833,36.6667,71.56,83,98,3.42
423,Guiratinga,BR,2022-02-05 22:56:55,-16.3494,-53.7583,73.96,87,41,1.74
424,Garbolovo,RU,2022-02-05 22:56:55,60.3413,30.4955,25.02,95,100,7.45
425,Vigrestad,NO,2022-02-05 22:56:55,58.5667,5.7,39.99,65,100,26.46
426,Tibati,CM,2022-02-05 22:56:56,6.4667,12.6333,68.54,19,16,5.55
427,Ramhormoz,IR,2022-02-05 22:54:02,31.28,49.6035,53.06,54,0,5.77
428,Nongan,CN,2022-02-05 22:56:56,44.382,125.1685,-3.59,86,12,3.71
429,Charters Towers,AU,2022-02-05 22:56:57,-20.1,146.2667,77.81,56,1,13.09
430,La Ronge,CA,2022-02-05 22:56:57,55.1001,-105.2842,-5.55,65,100,4.61
431,Obera,AR,2022-02-05 22:56:57,-27.4871,-55.1199,72.32,86,97,2.77
432,Berlevag,NO,2022-02-05 22:47:54,70.8578,29.0864,24.44,82,55,25.81
433,Nago,JP,2022-02-05 22:56:58,26.5881,127.9761,57.27,67,95,11.65
434,Waipawa,NZ,2022-02-05 22:47:27,-41.4122,175.5153,55.45,95,100,15.39
435,Vagur,FO,2022-02-05 22:56:58,61.4732,-6.8119,36.86,63,100,41.41
436,Barquisimeto,VE,2022-02-05 22:56:58,10.0739,-69.3228,81.23,54,40,8.05
437,Narok,KE,2022-02-05 22:56:59,-1.0783,35.8601,60.39,82,100,2.35
438,Jiuquan,CN,2022-02-05 22:56:59,39.7432,98.5174,14.25,70,100,0.63
439,Srednekolymsk,RU,2022-02-05 22:53:41,67.45,153.6833,-39.39,99,36,3.06
440,Mount Isa,AU,2022-02-05 22:53:24,-20.7333,139.5,82.17,34,40,6.91
441,Chateauroux,FR,2022-02-05 22:57:00,46.8167,1.7,37.4,93,0,9.22
442,Severo-Yeniseyskiy,RU,2022-02-05 22:53:07,60.3725,93.0408,9.97,93,100,8.52
443,Mareeba,AU,2022-02-05 22:57:00,-17.0,145.4333,78.66,86,52,2.51
444,Saurimo,AO,2022-02-05 22:57:01,-9.6608,20.3916,63.28,95,83,3.04
445,Linares,CL,2022-02-05 22:57:02,-35.85,-71.6,86.36,18,0,7.65
446,Bafoulabe,ML,2022-02-05 22:57:02,13.8065,-10.8321,81.28,9,0,5.46
447,Armidale,AU,2022-02-05 22:57:03,-30.5167,151.65,54.81,81,87,12.53
448,Malanje,AO,2022-02-05 22:57:03,-9.5402,16.341,62.15,96,96,3.06
449,Port Blair,IN,2022-02-05 22:54:08,11.6667,92.75,77.85,82,68,6.17
450,Paamiut,GL,2022-02-05 22:47:39,61.994,-49.6678,-4.63,86,69,11.01
451,Ascope,PE,2022-02-05 22:57:03,-7.7144,-79.1078,65.53,60,10,7.99
452,Nyurba,RU,2022-02-05 22:57:04,63.2842,118.3319,-24.05,100,80,2.33
453,Naze,JP,2022-02-05 22:55:09,28.3667,129.4833,45.52,67,100,16.13
454,Havre-Saint-Pierre,CA,2022-02-05 22:57:05,50.2334,-63.5986,8.6,66,40,6.91
455,Umarkot,PK,2022-02-05 22:57:05,25.3616,69.7362,62.37,72,0,7.63
456,Novobelokatay,RU,2022-02-05 22:57:06,55.7062,58.9549,9.75,96,100,3.06
457,Makariv,UA,2022-02-05 22:57:06,50.4641,29.8113,33.3,84,100,12.84
458,Pupiales,CO,2022-02-05 22:57:07,0.8714,-77.6403,55.54,94,75,0.0
459,Coihaique,CL,2022-02-05 22:57:07,-45.5752,-72.0662,68.61,49,75,9.22
460,Pangody,RU,2022-02-05 22:57:07,65.85,74.4859,-19.08,100,100,2.91
461,Avera,US,2022-02-05 22:57:08,33.194,-82.5271,49.71,44,2,5.86
462,Airai,TL,2022-02-05 22:53:58,-8.9266,125.4092,64.63,84,92,1.19
463,Vanderhoof,CA,2022-02-05 22:57:08,54.0166,-124.0198,38.08,82,82,8.43
464,Rabaul,PG,2022-02-05 22:57:09,-4.1967,152.1721,82.02,68,85,4.9
465,Xai-Xai,MZ,2022-02-05 22:57:09,-25.0519,33.6442,75.61,82,13,13.78
466,Vilhena,BR,2022-02-05 22:57:10,-12.7406,-60.1458,79.02,78,20,6.91
467,Japura,ID,2022-02-05 22:47:19,-0.3167,102.35,72.16,99,97,2.86
468,Vallenar,CL,2022-02-05 22:57:10,-28.5708,-70.7581,79.66,34,0,6.49
469,Kurbnesh,AL,2022-02-05 22:57:10,41.7797,20.0836,36.23,93,100,6.76
470,Waitati,NZ,2022-02-05 22:57:11,-45.75,170.5667,52.81,82,32,7.92
471,Whitianga,NZ,2022-02-05 22:54:42,-36.8333,175.7,72.01,98,98,9.95
472,Bathsheba,BB,2022-02-05 22:43:28,13.2167,-59.5167,79.41,69,20,10.36
473,Dakar,SN,2022-02-05 22:57:11,14.6937,-17.4441,71.73,83,0,2.3
474,Gorontalo,ID,2022-02-05 22:57:12,0.5412,123.0595,75.34,92,87,3.49
475,George Town,MY,2022-02-05 22:57:12,5.4112,100.3354,78.89,89,20,1.99
476,Udachnyy,RU,2022-02-05 22:57:12,66.4167,112.4,-32.57,100,91,2.46
477,Batsfjord,NO,2022-02-05 22:57:13,70.6345,29.7185,23.18,85,85,23.76
478,Domoni,KM,2022-02-05 22:57:13,-12.2569,44.5319,79.11,84,94,6.6
479,Maumere,ID,2022-02-05 22:57:14,-8.6199,122.2111,79.9,82,47,7.74
480,Semnan,IR,2022-02-05 22:57:14,35.5729,53.3971,35.44,51,0,2.3
481,Pekalongan,ID,2022-02-05 22:57:14,-6.8886,109.6753,81.01,90,96,4.41
482,Smithers,CA,2022-02-05 22:57:15,54.7804,-127.1743,41.32,65,100,5.75
483,Ust-Kuyga,RU,2022-02-05 22:57:15,70.0167,135.6,-36.99,99,100,4.7
484,Port-Cartier,CA,2022-02-05 22:57:15,50.0334,-66.8654,3.42,85,26,8.16
485,Athens,GR,2022-02-05 22:53:14,37.9795,23.7162,53.38,80,40,1.01
486,Jalu,LY,2022-02-05 22:57:16,29.0331,21.5482,55.74,48,0,5.88
487,Recodo,PH,2022-02-05 22:57:16,6.9519,121.9636,75.22,94,40,0.0
488,Miami Beach,US,2022-02-05 22:54:51,25.7906,-80.1301,77.02,77,40,1.01
489,Northam,GB,2022-02-05 22:57:17,51.0333,-4.2167,51.42,92,100,31.05
490,Dunda,TZ,2022-02-05 22:57:17,-8.1167,34.25,63.54,91,98,1.9
491,Assiniboia,CA,2022-02-05 22:57:17,49.6334,-105.9845,33.62,86,98,24.16
492,Faanui,PF,2022-02-05 22:57:18,-16.4833,-151.75,81.59,72,12,20.4
493,Buchanan,LR,2022-02-05 22:57:18,5.8808,-10.0467,78.76,82,64,6.15
494,Shelabolikha,RU,2022-02-05 22:57:19,53.4131,82.6167,-6.25,100,61,3.44
495,Ponta Do Sol,PT,2022-02-05 22:57:19,32.6667,-17.1,66.83,56,9,11.74
496,Saraza,PH,2022-02-05 22:57:19,8.7356,117.78,77.7,88,90,17.16
497,Svetlaya,RU,2022-02-05 22:57:20,46.5389,138.3297,6.66,71,88,9.64
498,La Asuncion,VE,2022-02-05 22:47:26,11.0333,-63.8628,82.13,69,3,16.11
499,Ust-Omchug,RU,2022-02-05 22:57:20,61.15,149.6333,-25.38,84,37,3.4
500,Bambari,CF,2022-02-05 22:57:20,5.768,20.6757,77.14,22,100,2.66
501,Aasiaat,GL,2022-02-05 22:57:21,68.7098,-52.8699,-6.9,86,99,7.36
502,Hokitika,NZ,2022-02-05 22:57:21,-42.7167,170.9667,64.17,58,100,8.05
503,Novopskov,UA,2022-02-05 22:57:21,49.5464,39.0899,9.01,100,97,5.17
504,Comodoro Rivadavia,AR,2022-02-05 22:52:47,-45.8667,-67.5,67.86,49,0,18.41
505,Jishou,CN,2022-02-05 22:57:22,28.3167,109.7167,38.88,87,100,7.29
506,Lipin Bor,RU,2022-02-05 22:57:22,60.2622,37.9763,4.59,96,71,7.65
507,Pitimbu,BR,2022-02-05 22:57:23,-7.4706,-34.8086,79.39,69,51,11.65
508,Anloga,GH,2022-02-05 22:57:23,5.7947,0.8973,82.62,81,0,7.58
509,Ratnagiri,IN,2022-02-05 22:57:24,16.9833,73.3,67.17,84,63,5.57
510,Asau,RO,2022-02-05 22:57:24,46.4333,26.4,32.4,96,80,4.36
511,Vyshestebliyevskaya,RU,2022-02-05 22:57:24,45.1961,37.0181,37.81,83,100,15.28
512,Aplahoue,BJ,2022-02-05 22:57:25,6.9333,1.6833,76.42,76,1,5.14
513,Jagannathpur,IN,2022-02-05 22:57:25,22.2333,85.65,53.38,47,68,2.89
514,Honningsvag,NO,2022-02-05 22:57:25,70.9821,25.9704,30.22,70,64,30.44
515,Mahibadhoo,MV,2022-02-05 22:57:26,3.7833,72.9667,81.37,66,36,9.35
516,Jadu,LY,2022-02-05 22:57:26,31.953,12.0261,54.95,25,98,4.7
517,Ixtapa,MX,2022-02-05 22:54:03,20.7,-105.2,80.38,53,44,5.88
518,Inongo,CD,2022-02-05 22:57:26,-1.95,18.2667,75.2,84,72,7.23
519,Pamanukan,ID,2022-02-05 22:57:27,-6.2842,107.8106,75.29,93,91,8.3
520,Xanlar,AZ,2022-02-05 22:57:27,40.5869,46.3158,27.91,51,20,11.5
521,Greensboro,US,2022-02-05 22:57:27,36.0726,-79.792,37.81,48,0,1.99
522,Sompeta,IN,2022-02-05 22:57:28,18.9333,84.6,66.27,53,97,5.64
523,Aitape,PG,2022-02-05 22:57:28,-3.1374,142.3475,81.09,83,86,5.64
524,Virtsu,EE,2022-02-05 22:57:28,58.5716,23.5115,35.94,92,11,9.44
525,Vao,NC,2022-02-05 22:57:29,-22.6667,167.4833,80.19,86,30,11.65
526,Calabozo,VE,2022-02-05 22:57:29,8.9242,-67.4293,89.44,33,18,3.06
527,Tecoanapa,MX,2022-02-05 22:57:29,16.5167,-98.75,82.85,54,0,10.27
528,Daru,PG,2022-02-05 22:57:30,-9.0763,143.2092,80.42,83,94,13.2
529,Ostersund,SE,2022-02-05 22:57:30,63.1792,14.6357,23.45,74,20,9.22
530,Bangkalan,ID,2022-02-05 22:57:30,-7.0455,112.7351,76.95,88,92,8.37
